<GuiXml>
    <Controls>
	
	    <Control name="FasterTravel_WorldMapWayshrineCategoryRow" virtual="true">
			<OnInitialized>
				self.offsetX = 20
				self.label = self:GetNamedChild("Label")
				self.icon = self:GetNamedChild("Icon")
				self.icon:SetDrawLayer(self.label:GetDrawLayer() + 1)
				self.label.GetTextColor = function() return GetInterfaceColor(INTERFACE_COLOR_TYPE_TEXT_COLORS, INTERFACE_TEXT_COLOR_SELECTED) end
			</OnInitialized>
            <Dimensions x="285" y="23"/>
            <Controls>
				<Texture name="$(parent)Icon" textureFile="EsoUI/Art/Quest/questJournal_trackedQuest_icon.dds" hidden="true" mouseEnabled="true">
					<Dimensions x="24" y="23"/>
					<Anchor point="TOPLEFT" offsetX="-6" offsetY="-2" />
					<TextureCoords top="0" bottom="1" left="0" right="1"/>
				</Texture>
				<Label name="$(parent)Label" inherits="ZO_SelectableLabel" font="ZoFontHeader2" color="INTERFACE_COLOR_TYPE_TEXT_COLORS:INTERFACE_TEXT_COLOR_SELECTED" modifyTextType="UPPERCASE">
					<Anchor point="TOPLEFT" offsetX="20"/>
					<OnMouseDown>
						self:GetParent():RowMouseDown(button)
					</OnMouseDown>
					<OnMouseUp>
						self:GetParent():RowMouseUp(button, upInside)
					</OnMouseUp>
				</Label>
            </Controls>
        </Control>
		
        <Control name="FasterTravel_WorldMapWayshrineRow" virtual="true">
			<OnInitialized>
				self.offsetX = 20
				self.label = self:GetNamedChild("Label")
				self.icon = self:GetNamedChild("Icon")
				self.icon:SetDrawLayer(self.label:GetDrawLayer() + 1)
			</OnInitialized>
            <Dimensions x="285" y="23"/>
            <Controls>
				<Texture name="$(parent)Icon" textureFile="EsoUI/Art/Quest/questJournal_trackedQuest_icon.dds" hidden="true" mouseEnabled="true">
					<Dimensions x="24" y="23"/>
					<Anchor point="TOPLEFT" offsetX="-6" offsetY="-2" />
					<TextureCoords top="0" bottom="1" left="0" right="1"/>
					<OnMouseEnter>
						self:GetParent():IconMouseEnter(self)
					</OnMouseEnter>
                    <OnMouseExit>
						self:GetParent():IconMouseExit(self)
					</OnMouseExit>
					<OnMouseDown>
						self:GetParent():IconMouseDown(self,button)
					</OnMouseDown>
					<OnMouseUp>
						self:GetParent():IconMouseUp(self,button, upInside)
					</OnMouseUp>
				</Texture>
				<Label name="$(parent)Label" inherits="ZO_SelectableLabel" font="ZoFontHeader" newLineIndent="8">
					<Anchor point="TOPLEFT" offsetX="20" />
					<OnMouseEnter>
						self:GetParent():RowMouseEnter(self)
					</OnMouseEnter>
                    <OnMouseExit>
						self:GetParent():RowMouseExit(self)
					</OnMouseExit>
					<OnMouseDown>
						self:GetParent():RowMouseDown(button)
					</OnMouseDown>
					<OnMouseUp>
						self:GetParent():RowMouseUp(button, upInside)
					</OnMouseUp>
				</Label>

            </Controls>
        </Control>
        
        <TopLevelControl name="FasterTravel_WorldMapWayshrines" inherits="ZO_WorldMapInfoContent">
            <OnInitialized>
				self.sortOrderDropDown =ZO_ComboBox_ObjectFromContainer(self:GetNamedChild("SortOrder"))
				self.sortDirectionDropDown = ZO_ComboBox_ObjectFromContainer(self:GetNamedChild("SortDirection"))
                self.list = self:GetNamedChild("List")	
				self.fragment = ZO_FadeSceneFragment:New(self)
				self.fragment.duration = 100
				ZO_ScrollList_AddDataType(self.list,0,"FasterTravel_WorldMapWayshrineCategoryRow", 23, function(control, data) self:RefreshRow(control,data) end)
				ZO_ScrollList_AddDataType(self.list,1,"FasterTravel_WorldMapWayshrineRow", 23, function(control, data) self:RefreshRow(control,data) end)
	        </OnInitialized>
            <Controls>
				<Control name="$(parent)SortOrder" inherits="ZO_ComboBox">
					<Dimensions x="145" y="25" />
                    <Anchor point="TOPRIGHT" offsetX="-25" offsetY="-35" />
                </Control>
				
				<Control name="$(parent)SortDirection" inherits="ZO_ComboBox">
					<Dimensions x="80" y="25" />
                    <Anchor point="TOPRIGHT" relativeTo="$(parent)SortOrder" relativePoint="BOTTOMRIGHT" offsetX="0" offsetY="0"  />
                </Control>

			    <Control name="$(parent)List" inherits="ZO_ScrollList">
					<Dimensions x="285" y="400" />
                    <Anchor point="TOPLEFT" offsetX="20" offsetY="10" />
                    <Anchor point="BOTTOMRIGHT"/>
                </Control>
				

            </Controls>
        </TopLevelControl>
    </Controls>
</GuiXml>